"TILE_NAME","total.area","cover"
"HP50",8163.79790498689,8.16379790498689e-05
"HP60",18122.0550440067,0.000181220550440067
"HU15",7847.98788651283,7.84798788651283e-05
"HU24",39340.5411541714,0.000393405411541714
"HU25",23075.5415432983,0.000230755415432983
"HU27",5708.29122901056,5.70829122901056e-05
"HU34",28599.6183259844,0.000285996183259844
"HU35",89279.4701505027,0.000892794701505027
"HU36",57511.4382050136,0.000575114382050136
"HU37",36009.2530245096,0.000360092530245096
"HU38",35763.4273645172,0.000357634273645172
"HU43",29005.9997446599,0.000290059997446599
"HU44",25040.9166033,0.000250409166033
"HU45",53831.5941204884,0.000538315941204884
"HU46",33472.5913370287,0.000334725913370287
"HU56",5216.23916499875,5.21623916499875e-05
"HY20",270067.683765065,0.00270067683765065
"HY21",26349.8061064996,0.000263498061064996
"HY22",20390.2582581936,0.000203902582581936
"HY30",117272.114765987,0.00117272114765987
"HY31",309380.541125511,0.00309380541125511
"HY32",62866.2484376347,0.000628662484376347
"HY40",58459.1804895515,0.000584591804895515
"HY41",316838.009687992,0.00316838009687992
"HY42",59648.7010274999,0.000596487010274999
"HY43",20240.8118696886,0.000202408118696886
"HY44",17125.3044404984,0.000171253044404984
"HY50",61563.6572800003,0.000615636572800003
"HY53",60565.2167695687,0.000605652167695687
"HY54",9448.20688649919,9.44820688649919e-05
"HY62",7537.46331001166,7.53746331001166e-05
"HY64",9452.21354000739,9.45221354000739e-05
"NA91",839.037969702389,8.39037969702389e-06
"NA92",7223.9646500318,7.2239646500318e-05
"NB00",24054.1120916837,0.000240541120916837
"NB01",4368.55094582593,4.36855094582593e-05
"NB03",289063.508401555,0.00289063508401555
"NB10",269595.720884837,0.00269595720884837
"NB11",1753339.51058264,0.0175333951058264
"NB12",50157.0127284824,0.000501570127284824
"NB13",160503.283871505,0.00160503283871505
"NB21",3725553.52993762,0.0372555352993762
"NB22",756489.042893835,0.00756489042893835
"NB23",1921958.81983347,0.0192195881983347
"NB24",7586.19574253543,7.58619574253543e-05
"NB31",646418.967158682,0.00646418967158682
"NB32",2613541.60615514,0.0261354160615514
"NB33",3595792.57670198,0.0359579257670198
"NB34",271895.488331929,0.00271895488331929
"NB35",31816.2817189973,0.000318162817189973
"NB41",38605.1384718438,0.000386051384718438
"NB42",70975.0783423092,0.000709750783423092
"NB43",5492617.5707191,0.054926175707191
"NB44",1455011.2523373,0.014550112523373
"NB45",294553.460058418,0.00294553460058418
"NB46",6592.73030008934,6.59273030008934e-05
"NB53",34710.2860323704,0.000347102860323704
"NB54",395361.827359518,0.00395361827359518
"NB90",1203852.17401766,0.0120385217401766
"NB91",68241.4965141703,0.000682414965141703
"NC00",761330.08762325,0.0076133008762325
"NC01",4570404.47787368,0.0457040447787368
"NC02",9337947.88155476,0.0933794788155476
"NC03",1450362.75688749,0.0145036275688749
"NC10",12572585.5390567,0.125725855390567
"NC11",1835451.84486472,0.0183545184486472
"NC12",9702145.55201035,0.0970214555201035
"NC13",6373924.24279143,0.0637392424279143
"NC14",3692891.54706235,0.0369289154706235
"NC20",7009112.66738808,0.0700911266738808
"NC21",4740995.51088453,0.0474099551088453
"NC22",1003849.75051054,0.0100384975051054
"NC23",3779034.63310852,0.0377903463310852
"NC24",2359683.1881953,0.023596831881953
"NC25",143493.986453447,0.00143493986453447
"NC30",39513296.43109,0.3951329643109
"NC31",9118769.05043294,0.0911876905043294
"NC32",4031746.99454026,0.0403174699454025
"NC33",4306902.66119298,0.0430690266119298
"NC34",582761.65314845,0.0058276165314845
"NC35",1531628.04428473,0.0153162804428473
"NC36",87572.5589610934,0.000875725589610934
"NC40",33193289.6400224,0.331932896400224
"NC41",6469478.17342606,0.0646947817342606
"NC42",20552722.8260375,0.205527228260375
"NC44",2439235.53260084,0.0243923553260084
"NC45",9870137.29119948,0.0987013729119948
"NC46",1605881.63384171,0.0160588163384171
"NC50",34421797.0871878,0.344217970871878
"NC51",42117746.3258328,0.421177463258328
"NC52",19262117.4409223,0.192621174409223
"NC53",6401967.97736328,0.0640196797736328
"NC54",5377023.03120984,0.0537702303120984
"NC55",5656906.49174342,0.0565690649174342
"NC56",917545.537108154,0.00917545537108154
"NC60",13018049.7929824,0.130180497929824
"NC61",18820503.0064664,0.188205030064664
"NC62",1358847.37346808,0.0135884737346808
"NC63",15391045.3743559,0.153910453743559
"NC64",7886335.36039454,0.0788633536039454
"NC65",17887260.9490875,0.178872609490875
"NC66",1526392.15452433,0.0152639215452433
"NC70",14769477.503709,0.14769477503709
"NC71",25005930.9063371,0.250059309063371
"NC72",170583.750186827,0.00170583750186827
"NC73",17809640.5731309,0.178096405731309
"NC74",5912336.27846784,0.0591233627846784
"NC75",9440631.97736317,0.0944063197736317
"NC76",581708.924705139,0.00581708924705139
"NC80",22735782.3256456,0.227357823256456
"NC81",5123115.50588818,0.0512311550588818
"NC82",8761093.06720944,0.0876109306720944
"NC83",4761889.84754181,0.0476188984754181
"NC84",24614071.8219053,0.246140718219053
"NC85",18131025.1135704,0.181310251135704
"NC86",7508857.02549671,0.0750885702549672
"NC90",776772.212221194,0.00776772212221194
"NC91",8963609.93646398,0.0896360993646398
"NC92",1971579.84521199,0.0197157984521199
"NC93",1605741.87806171,0.0160574187806171
"NC94",25499397.7039834,0.254993977039835
"NC95",6579783.45622002,0.0657978345622002
"NC96",15936280.5466959,0.159362805466959
"ND01",2223464.85319759,0.0222346485319759
"ND02",3101154.26631177,0.0310115426631177
"ND03",645785.910419451,0.00645785910419451
"ND04",24265631.7687491,0.242656317687491
"ND05",17615157.6794784,0.176151576794784
"ND06",11697186.4448483,0.116971864448483
"ND07",76235.6590566309,0.000762356590566309
"ND12",2385855.43476421,0.0238585543476421
"ND13",3639012.6613758,0.036390126613758
"ND14",4142295.02877554,0.0414229502877554
"ND15",22254143.3454314,0.222541433454314
"ND16",1941740.27823868,0.0194174027823868
"ND23",8697139.61155187,0.0869713961155187
"ND24",33327493.0673605,0.333274930673605
"ND25",8255490.52444483,0.0825549052444483
"ND26",7321772.18113969,0.0732177218113969
"ND27",4455805.71820007,0.0445580571820007
"ND28",31656.5429542871,0.000316565429542871
"ND29",403846.446620664,0.00403846446620664
"ND34",4544791.46933606,0.0454479146933606
"ND35",2044070.44539998,0.0204407044539998
"ND36",14687540.0507089,0.146875400507089
"ND37",2389091.59116834,0.0238909159116834
"ND39",75241.7792870399,0.000752417792870399
"ND48",56115.1719510887,0.000561151719510887
"ND49",100980.74514775,0.0010098074514775
"NF60",25112.1894020603,0.000251121894020603
"NF70",30237.0591232136,0.000302370591232136
"NF71",10270.2244656094,0.000102702244656094
"NF72",353302.467144527,0.00353302467144527
"NF73",5253.26473445212,5.25326473445212e-05
"NF75",126279.378345787,0.00126279378345787
"NF76",48724.4353385398,0.000487244353385398
"NF77",4544428.94334805,0.0454442894334805
"NF82",1587827.93235119,0.0158782793235119
"NF85",274778.67327359,0.0027477867327359
"NF86",877417.606291404,0.00877417606291404
"NF87",531354.333113623,0.00531354333113623
"NF96",58502.1442928821,0.000585021442928821
"NF97",22424.5712553637,0.000224245712553637
"NF98",188138.543733483,0.00188138543733483
"NG08",146102.028109545,0.00146102028109546
"NG09",400725.824028429,0.00400725824028429
"NG14",1465703.62147008,0.0146570362147008
"NG15",178399.159746203,0.00178399159746203
"NG18",44411.6838075053,0.000444116838075053
"NG19",542916.332291232,0.00542916332291232
"NG20",73395.733679589,0.00073395733679589
"NG23",1799391.14619719,0.0179939114619719
"NG24",5749765.23786598,0.0574976523786598
"NG25",11387149.566831,0.11387149566831
"NG26",139525.842714024,0.00139525842714024
"NG29",16658.0896310354,0.000166580896310354
"NG30",551113.724128107,0.00551113724128107
"NG32",7760703.96539622,0.0776070396539622
"NG33",4176135.43001068,0.0417613543001068
"NG34",19408076.4477859,0.194080764477859
"NG35",12763866.0079051,0.127638660079051
"NG36",400625.958122017,0.00400625958122017
"NG37",15600.7924395166,0.000156007924395166
"NG40",881188.289381357,0.00881188289381358
"NG41",389852.988486694,0.00389852988486694
"NG42",8278351.95517895,0.0827835195517895
"NG43",17835312.323714,0.17835312323714
"NG44",16945312.1317529,0.169453121317529
"NG45",4882344.09637161,0.0488234409637161
"NG46",797009.242658852,0.00797009242658852
"NG47",280933.809079983,0.00280933809079983
"NG50",2159763.18475791,0.0215976318475791
"NG51",4334366.0547149,0.043343660547149
"NG52",3163669.30141995,0.0316366930141995
"NG53",7287225.01233968,0.0728722501233968
"NG54",3319288.89541614,0.0331928889541614
"NG55",6882024.02349674,0.0688202402349674
"NG56",372170.992253978,0.00372170992253978
"NG60",10503580.9668174,0.105035809668174
"NG61",14691632.847534,0.14691632847534
"NG62",8763394.73886137,0.0876339473886137
"NG63",16245.4593818002,0.000162454593818002
"NG64",48647.9263308129,0.000486479263308129
"NG65",4745725.26477928,0.0474572526477928
"NG66",314535.905132677,0.00314535905132677
"NG70",11272721.7489889,0.112727217489889
"NG71",36424344.0578154,0.364243440578154
"NG72",40292750.2648053,0.402927502648053
"NG73",4678817.42569107,0.0467881742569107
"NG74",3914808.64284611,0.0391480864284611
"NG75",10519908.7006593,0.105199087006593
"NG76",728243.737128678,0.00728243737128678
"NG77",5232730.1561749,0.052327301561749
"NG78",568123.509821086,0.00568123509821086
"NG79",53264.00466164,0.0005326400466164
"NG80",9325958.09031525,0.0932595809031525
"NG81",13855610.6760081,0.138556106760081
"NG82",22979631.9985391,0.229796319985391
"NG83",34146274.8010712,0.341462748010712
"NG84",12462345.3372973,0.124623453372973
"NG85",12795258.064303,0.12795258064303
"NG86",5609941.91558397,0.0560994191558397
"NG87",49663971.12476,0.4966397112476
"NG88",5348248.59600594,0.0534824859600594
"NG89",4418397.32255818,0.0441839732255818
"NG90",3442918.436008,0.03442918436008
"NG91",8267091.21472991,0.0826709121472991
"NG92",9696746.63806676,0.0969674663806677
"NG93",9492982.19175334,0.0949298219175334
"NG94",9962446.37869059,0.099624463786906
"NG95",2803719.40137557,0.0280371940137557
"NG96",2309062.90982204,0.0230906290982204
"NG97",4436692.77788817,0.0443669277788817
"NG98",1300060.2148368,0.013000602148368
"NG99",2104662.94211267,0.0210466294211267
"NH00",4450629.72476392,0.0445062972476392
"NH01",5854845.69375204,0.0585484569375204
"NH02",2045230.24226495,0.0204523024226495
"NH03",83897.2003232655,0.000838972003232655
"NH04",10566185.3068833,0.105661853068833
"NH05",17546840.7740495,0.175468407740495
"NH06",7046087.86449215,0.0704608786449215
"NH07",140006.979930885,0.00140006979930885
"NH08",361023.141002673,0.00361023141002673
"NH09",1586990.39488656,0.0158699039488656
"NH10",26560934.6441607,0.265609346441607
"NH11",7945342.98123444,0.0794534298123444
"NH12",7752523.7540649,0.077525237540649
"NH13",1587018.33977859,0.0158701833977859
"NH14",297601.746853998,0.00297601746853998
"NH15",10051659.938669,0.10051659938669
"NH16",2936815.18743561,0.0293681518743561
"NH17",3942363.43938755,0.0394236343938755
"NH18",14540825.3654127,0.145408253654127
"NH19",11809425.6945423,0.118094256945423
"NH20",32854894.5404944,0.328548945404944
"NH21",29368082.5227661,0.293680825227661
"NH22",50503118.1789472,0.505031181789472
"NH23",11019158.0826666,0.110191580826666
"NH24",934744.40792032,0.0093474440792032
"NH25",10508476.6056497,0.105084766056497
"NH26",12041420.4034691,0.120414204034691
"NH27",4440424.77932055,0.0444042477932055
"NH28",1721294.25891973,0.0172129425891973
"NH29",1233714.10707525,0.0123371410707525
"NH30",37443119.0713365,0.374431190713365
"NH31",39199691.122799,0.39199691122799
"NH32",28087336.8995649,0.280873368995649
"NH33",31227831.6566051,0.312278316566051
"NH34",3575686.25466906,0.0357568625466906
"NH35",14995517.8933332,0.149955178933332
"NH36",32680674.5628068,0.326806745628068
"NH37",15271128.4498746,0.152711284498746
"NH38",1692278.90672483,0.0169227890672482
"NH39",14778301.6169773,0.147783016169773
"NH40",3016168.60500428,0.0301616860500428
"NH41",42033413.8505791,0.420334138505791
"NH42",28491969.0260748,0.284919690260748
"NH43",39214512.3502396,0.392145123502396
"NH44",29909015.5862641,0.299090155862641
"NH45",37374185.0607609,0.373741850607609
"NH46",35878814.3803649,0.358788143803649
"NH47",5139353.00032894,0.0513935300032895
"NH48",13690038.8399835,0.136900388399835
"NH49",37630524.1635215,0.376305241635215
"NH50",774025.856031221,0.00774025856031221
"NH51",9456932.96065823,0.0945693296065823
"NH52",35852337.8298601,0.358523378298601
"NH53",41759151.1394236,0.417591511394236
"NH54",30997108.674925,0.30997108674925
"NH55",21250239.1245446,0.212502391245446
"NH56",37155801.0348754,0.371558010348754
"NH57",33994025.4548975,0.339940254548975
"NH58",13901426.5650692,0.139014265650692
"NH59",42483400.9911873,0.424834009911873
"NH60",348101.403619246,0.00348101403619246
"NH61",992346.804542118,0.00992346804542118
"NH62",15624794.479463,0.15624794479463
"NH63",46314051.5237469,0.463140515237469
"NH64",23786692.3510973,0.237866923510973
"NH65",38877888.0596619,0.388778880596619
"NH66",25933308.4914124,0.259333084914124
"NH67",46927612.765651,0.46927612765651
"NH68",24511303.2195693,0.245113032195693
"NH69",25037483.0634151,0.250374830634151
"NH70",8341285.9900834,0.083412859900834
"NH71",1202294.78625136,0.0120229478625136
"NH72",12464396.5746175,0.124643965746175
"NH73",30594510.205984,0.305945102059839
"NH74",36166122.5584697,0.361661225584697
"NH75",6893602.65490893,0.0689360265490893
"NH76",14986207.3370304,0.149862073370304
"NH77",35508466.0651723,0.355084660651723
"NH78",23494066.232378,0.23494066232378
"NH79",28492751.8741691,0.284927518741691
"NH80",48214814.9993835,0.482148149993835
"NH81",19590338.1463661,0.195903381463661
"NH82",19658423.5619026,0.196584235619026
"NH83",12672850.797358,0.12672850797358
"NH84",35037414.3889162,0.350374143889162
"NH85",16612195.9253963,0.166121959253963
"NH86",479551.151109777,0.00479551151109777
"NH87",5259405.18493703,0.0525940518493703
"NH88",4689349.49489881,0.0468934949489881
"NH89",3231565.54151619,0.0323156554151619
"NH90",24260974.1432764,0.242609741432764
"NH91",57669958.359974,0.57669958359974
"NH92",36064553.8804796,0.360645538804796
"NH93",6975034.83940935,0.0697503483940935
"NH94",57851489.7728751,0.578514897728751
"NH95",45191333.3954493,0.451913333954493
"NH96",13572696.7897523,0.135726967897523
"NH97",2898.59653779678,2.89859653779678e-05
"NH98",446452.792780168,0.00446452792780168
"NJ00",214048.596436607,0.00214048596436607
"NJ01",25016435.510144,0.25016435510144
"NJ02",36776003.7255543,0.367760037255543
"NJ03",19665584.4491795,0.196655844491795
"NJ04",30954050.9692472,0.309540509692472
"NJ05",47523154.8164069,0.475231548164069
"NJ06",11963215.7806876,0.119632157806876
"NJ10",1344171.25463841,0.0134417125463841
"NJ11",11337807.1490488,0.113378071490488
"NJ12",19827708.8268907,0.198277088268907
"NJ13",31036006.8435555,0.310360068435555
"NJ14",40177309.1674048,0.401773091674048
"NJ15",46650365.7452421,0.466503657452421
"NJ16",21301569.3017414,0.213015693017414
"NJ17",156887.851914252,0.00156887851914252
"NJ20",6223691.13748266,0.0622369113748266
"NJ21",4014147.72823851,0.0401414772823851
"NJ22",18085580.458498,0.18085580458498
"NJ23",23180836.3439716,0.231808363439716
"NJ24",54916745.4511315,0.549167454511315
"NJ25",39398115.9326111,0.393981159326111
"NJ26",20604850.4238809,0.206048504238809
"NJ27",56471.7750796034,0.000564717750796034
"NJ30",15163148.8818003,0.151631488818003
"NJ31",35521538.9283777,0.355215389283777
"NJ32",2487289.07197317,0.0248728907197317
"NJ33",18360505.2705936,0.183605052705935
"NJ34",46510244.0778876,0.465102440778876
"NJ35",50049783.4336814,0.500497834336814
"NJ36",16387222.3980286,0.163872223980286
"NJ40",27059631.5459404,0.270596315459404
"NJ41",19886446.6184306,0.198864466184306
"NJ42",21232430.4732845,0.212324304732845
"NJ43",53241541.6885864,0.532415416885864
"NJ44",27941864.8960794,0.279418648960794
"NJ45",30197988.396333,0.30197988396333
"NJ46",23050308.9136018,0.230503089136018
"NJ50",30017735.2574438,0.300177352574438
"NJ51",19511183.3135514,0.195111833135514
"NJ52",19559256.4954476,0.195592564954476
"NJ53",23836037.8206877,0.238360378206877
"NJ54",27876884.4078079,0.278768844078079
"NJ55",23095358.0515088,0.230953580515088
"NJ56",13332825.1842889,0.133328251842889
"NJ60",26057299.2140227,0.260572992140227
"NJ61",39069003.8951018,0.390690038951018
"NJ62",28101780.4850554,0.281017804850554
"NJ63",10323126.2193633,0.103231262193633
"NJ64",11638154.5332335,0.116381545332335
"NJ65",11522399.757639,0.11522399757639
"NJ66",4754388.19464236,0.0475438819464236
"NJ70",27102275.5607329,0.271022755607329
"NJ71",17826155.591683,0.17826155591683
"NJ72",8647064.8806738,0.086470648806738
"NJ73",10274465.7672584,0.102744657672584
"NJ74",8214475.5615309,0.0821447556153091
"NJ75",9166340.12054089,0.0916634012054089
"NJ76",730624.770383695,0.00730624770383695
"NJ80",14580101.6794316,0.145801016794316
"NJ81",15630433.0966539,0.156304330966539
"NJ82",7062034.2111873,0.070620342111873
"NJ83",11607386.498439,0.11607386498439
"NJ84",6500095.22347803,0.0650009522347803
"NJ85",8385373.85436591,0.0838537385436591
"NJ86",5192081.88472044,0.0519208188472044
"NJ90",5383148.93868868,0.0538314893868868
"NJ91",6379574.73176512,0.0637957473176512
"NJ92",7521122.60743747,0.0752112260743747
"NJ93",9321585.90417573,0.0932158590417573
"NJ94",9306158.47408419,0.0930615847408419
"NJ95",11531962.9090436,0.115319629090436
"NJ96",2473834.64309576,0.0247383464309576
"NK02",272678.250482378,0.00272678250482378
"NK03",5665341.56042418,0.0566534156042418
"NK04",9424493.46648204,0.0942449346648204
"NK05",8483066.62547678,0.0848306662547678
"NK06",2271930.31855431,0.0227193031855431
"NK13",134372.641474998,0.00134372641474998
"NK14",1101863.35204708,0.0110186335204708
"NK15",431981.08513577,0.0043198108513577
"NL69",12265.6964170267,0.000122656964170267
"NM15",19279.9162521546,0.000192799162521546
"NM22",9920.38623497216,9.92038623497216e-05
"NM25",198708.29283466,0.0019870829283466
"NM26",52475.2860716068,0.000524752860716068
"NM31",3623124.27085527,0.0362312427085527
"NM32",2664571.22864624,0.0266457122864624
"NM34",4833931.36512086,0.0483393136512086
"NM35",2409779.34920502,0.0240977934920502
"NM39",209585.680660664,0.00209585680660664
"NM41",1843684.60574203,0.0184368460574203
"NM42",18843602.1224637,0.188436021224637
"NM43",5814609.03711102,0.0581460903711102
"NM44",14390390.402305,0.14390390402305
"NM45",27161447.5114618,0.271614475114618
"NM46",1765359.08581084,0.0176535908581084
"NM47",58619.7190620687,0.000586197190620687
"NM48",2593909.63166587,0.0259390963166587
"NM49",1360962.35366628,0.0136096235366628
"NM52",14640621.1431647,0.146406211431647
"NM53",4858980.61670974,0.0485898061670974
"NM54",32575837.0511369,0.325758370511369
"NM55",24069801.9346946,0.240698019346946
"NM56",20994816.0947983,0.209948160947983
"NM57",597853.291667174,0.00597853291667174
"NM60",6636.04895814025,6.63604895814025e-05
"NM61",163117.494836108,0.00163117494836108
"NM62",3518995.66598952,0.0351899566598952
"NM63",13435712.0999031,0.134357120999031
"NM64",39553515.0408162,0.395535150408162
"NM65",35129868.69002,0.3512986869002
"NM66",18615144.7641139,0.186151447641139
"NM67",10646069.6809334,0.106460696809334
"NM68",7154294.45155575,0.0715429445155575
"NM69",3441120.71338763,0.0344112071338763
"NM70",6841044.36074815,0.0684104436074815
"NM71",5398195.07366144,0.0539819507366144
"NM72",1609193.65095878,0.0160919365095878
"NM73",8074386.97064257,0.0807438697064257
"NM74",8897707.89405927,0.0889770789405927
"NM75",14314150.072272,0.14314150072272
"NM76",28813782.2222993,0.288137822222993
"NM77",6893173.52084209,0.0689317352084209
"NM78",5527362.92308283,0.0552736292308283
"NM79",3750713.56253283,0.0375071356253283
"NM80",29681353.0421592,0.296813530421592
"NM81",46851486.0455917,0.468514860455917
"NM82",28604441.5638308,0.286044415638308
"NM83",7637555.31035115,0.0763755531035115
"NM84",1862139.25702325,0.0186213925702325
"NM85",10213502.1289961,0.102135021289961
"NM86",32808168.8563723,0.328081688563723
"NM87",13734364.2888723,0.137343642888723
"NM88",5141674.53149752,0.0514167453149752
"NM89",3012032.45959735,0.0301203245959735
"NM90",52741692.4589444,0.527416924589444
"NM91",58799390.087292,0.58799390087292
"NM92",21181300.7461155,0.211813007461155
"NM93",34147247.3453372,0.341472473453372
"NM94",32751220.9607166,0.327512209607166
"NM95",14598773.8305698,0.145987738305698
"NM96",13657706.568799,0.13657706568799
"NM97",21307816.837057,0.21307816837057
"NM98",13580807.0082521,0.135808070082521
"NM99",6994709.14050401,0.0699470914050401
"NN00",54464938.6174438,0.544649386174438
"NN01",30686987.7186224,0.306869877186224
"NN02",37148230.3243526,0.371482303243526
"NN03",25958768.7465721,0.259587687465721
"NN04",14062386.921867,0.14062386921867
"NN05",37347529.2623699,0.373475292623699
"NN06",29950432.604403,0.29950432604403
"NN07",25031142.2325393,0.250311422325393
"NN08",12653565.5134199,0.126535655134199
"NN09",11951305.934586,0.11951305934586
"NN10",43601235.668334,0.43601235668334
"NN11",41827019.6400423,0.418270196400423
"NN12",27342931.3317949,0.273429313317949
"NN13",7151982.66242274,0.0715198266242274
"NN14",13943774.9282426,0.139437749282426
"NN15",9808302.77578054,0.0980830277578054
"NN16",25380235.8173432,0.253802358173432
"NN17",31096435.9131284,0.310964359131284
"NN18",38975194.0063659,0.389751940063659
"NN19",21605940.4361519,0.216059404361519
"NN20",27577405.8873299,0.275774058873299
"NN21",10866581.2759177,0.108665812759177
"NN22",19561495.2888416,0.195614952888416
"NN23",34688931.814647,0.34688931814647
"NN24",9165374.6105093,0.091653746105093
"NN25",527188.325115481,0.00527188325115481
"NN26",4945250.86343105,0.0494525086343105
"NN27",19626786.1987517,0.196267861987517
"NN28",28158059.652091,0.28158059652091
"NN29",23992787.4788509,0.239927874788509
"NN30",23913417.6259115,0.239134176259115
"NN31",10690027.9104085,0.106900279104085
"NN32",23817718.8047373,0.238177188047373
"NN33",12202207.6904184,0.122022076904184
"NN34",5610557.83786556,0.0561055783786556
"NN35",4221761.58138473,0.0422176158138473
"NN36",2174690.04120535,0.0217469004120535
"NN37",16518047.7436127,0.165180477436127
"NN38",20840924.8119477,0.208409248119477
"NN39",8018670.7366061,0.080186707366061
"NN40",47758615.5345629,0.477586155345629
"NN41",16280326.2821076,0.162803262821076
"NN42",14932235.7240808,0.149322357240808
"NN43",7134902.74594956,0.0713490274594956
"NN44",6886764.71405444,0.0688676471405444
"NN45",43919612.8071976,0.439196128071976
"NN46",6773027.09949415,0.0677302709949415
"NN47",6847990.81665404,0.0684799081665404
"NN48",16018387.8453781,0.160183878453781
"NN49",2829727.68601631,0.0282972768601631
"NN50",52797620.2788629,0.527976202788629
"NN51",38896658.8116411,0.388966588116411
"NN52",24016019.5248101,0.240160195248101
"NN53",17974691.4332084,0.179746914332084
"NN54",14605262.7981182,0.146052627981182
"NN55",46812832.369345,0.46812832369345
"NN56",11582259.8843018,0.115822598843018
"NN57",5512445.5241432,0.055124455241432
"NN58",19744667.7597694,0.197446677597694
"NN59",19956452.0149681,0.199564520149681
"NN60",31767333.1173605,0.317673331173605
"NN61",3896096.43789814,0.0389609643789814
"NN62",8411962.30924376,0.0841196230924376
"NN63",9741194.9935049,0.097411949935049
"NN64",7179933.22507551,0.0717993322507551
"NN65",17497865.5200537,0.174978655200537
"NN66",10949258.3605833,0.109492583605833
"NN67",272106.989582139,0.00272106989582139
"NN68",10690187.8672748,0.106901878672748
"NN69",19918853.5733002,0.199188535733002
"NN70",30401815.0493557,0.304018150493557
"NN71",8138972.11208322,0.0813897211208322
"NN72",22939895.1272273,0.229398951272273
"NN73",1555070.13790135,0.0155507013790135
"NN74",32449817.2457857,0.324498172457857
"NN75",29344732.6448149,0.293447326448149
"NN76",41811760.2481188,0.418117602481188
"NN77",2941148.54843749,0.0294114854843749
"NN78",1788629.710638,0.01788629710638
"NN79",19059100.5635151,0.190591005635151
"NN80",13712619.477562,0.13712619477562
"NN81",23614794.3618127,0.236147943618127
"NN82",14397231.0376973,0.143972310376973
"NN83",2591715.78298329,0.0259171578298329
"NN84",33122015.7963938,0.331220157963938
"NN85",24497556.9138533,0.244975569138533
"NN86",42213094.1278199,0.422130941278199
"NN87",1126675.11801141,0.0112667511801141
"NN88",2804157.5022436,0.028041575022436
"NN89",29267145.6294908,0.292671456294908
"NN90",23742837.522898,0.23742837522898
"NN91",17136483.7436224,0.171364837436224
"NN92",21142078.1123403,0.211420781123403
"NN93",5989824.31898265,0.0598982431898265
"NN94",53606201.071814,0.53606201071814
"NN95",42121558.176704,0.42121558176704
"NN96",11443534.2179597,0.114435342179597
"NN97",975875.953564765,0.00975875953564765
"NN98",584739.989438939,0.00584739989438939
"NO00",32531548.3630176,0.325315483630176
"NO01",23396333.685463,0.23396333685463
"NO02",21859449.3247518,0.218594493247518
"NO03",20175314.5939057,0.201753145939057
"NO04",36978883.2938418,0.369788832938418
"NO05",12852407.4484211,0.128524074484211
"NO06",19367936.6024909,0.193679366024909
"NO07",1970607.08545063,0.0197060708545063
"NO08",5099350.11835682,0.0509935011835682
"NO09",14657552.0475875,0.146575520475875
"NO10",7675951.38353141,0.0767595138353141
"NO11",15379627.4413403,0.153796274413403
"NO12",16469649.9059633,0.164696499059633
"NO13",19027915.2630481,0.190279152630481
"NO14",13638410.1961859,0.136384101961859
"NO15",24517062.5950642,0.245170625950642
"NO16",9010510.29285217,0.0901051029285217
"NO17",870219.762562639,0.00870219762562639
"NO18",5843030.31625607,0.0584303031625607
"NO19",20324387.275228,0.20324387275228
"NO20",15002078.4644073,0.150020784644073
"NO21",13967205.039951,0.13967205039951
"NO22",6720742.6382827,0.067207426382827
"NO23",17716276.8282332,0.177162768282332
"NO24",8413822.07415345,0.0841382207415345
"NO25",20807260.9023458,0.208072609023458
"NO26",27801526.1854058,0.278015261854058
"NO27",10961514.1071393,0.109615141071393
"NO28",1925625.37353899,0.0192562537353899
"NO29",26315105.6882816,0.263151056882816
"NO30",10000832.6045578,0.100008326045578
"NO31",9870466.02012827,0.0987046602012827
"NO32",6249286.62155127,0.0624928662155127
"NO33",10613922.5443161,0.106139225443161
"NO34",10755736.8898224,0.107557368898224
"NO35",11291319.2403797,0.112913192403797
"NO36",15999628.5743563,0.159996285743564
"NO37",3774513.04577371,0.0377451304577371
"NO38",3842743.49444203,0.0384274349444203
"NO39",37784693.6709109,0.377846936709109
"NO40",10475566.039775,0.10475566039775
"NO41",6552154.29280542,0.0655215429280541
"NO42",22011511.7689406,0.220115117689406
"NO43",4431079.15890158,0.0443107915890158
"NO44",10465611.4425441,0.104656114425441
"NO45",9420632.40554597,0.0942063240554597
"NO46",9229911.23658025,0.0922991123658025
"NO47",1494474.19075582,0.0149447419075582
"NO48",1258418.77095108,0.0125841877095108
"NO49",42156806.4285889,0.421568064285889
"NO50",2390493.16101029,0.0239049316101029
"NO51",3180271.56637036,0.0318027156637036
"NO52",741670.64340313,0.0074167064340313
"NO53",6448070.98054912,0.0644807098054912
"NO54",7570465.44949552,0.0757046544949552
"NO55",20733003.7117317,0.207330037117317
"NO56",10056587.1064537,0.100565871064537
"NO57",6272599.18473806,0.0627259918473806
"NO58",55141.5411450422,0.000551415411450422
"NO59",46010153.5799116,0.460101535799116
"NO60",101266.67842758,0.0010126667842758
"NO61",207949.633651383,0.00207949633651383
"NO63",196703.397248608,0.00196703397248608
"NO64",5382596.21461383,0.0538259621461383
"NO65",10541474.9572578,0.105414749572578
"NO66",14355300.6536221,0.143553006536221
"NO67",18816416.3060259,0.188164163060259
"NO68",32362944.4676453,0.323629444676453
"NO69",47006818.8009357,0.470068188009357
"NO75",475451.281753975,0.00475451281753974
"NO76",6795471.79484737,0.0679547179484737
"NO77",9243038.18151317,0.0924303818151317
"NO78",48685993.8851407,0.486859938851407
"NO79",39103507.537451,0.39103507537451
"NO86",439483.507688691,0.00439483507688691
"NO87",2233297.39753483,0.0223329739753483
"NO88",14231931.3349032,0.142319313349032
"NO89",16392157.8972834,0.163921578972834
"NO99",1124220.08205583,0.0112422008205583
"NR15",2706966.55356345,0.0270696655356345
"NR25",7167858.70115677,0.0716785870115677
"NR26",2687765.53768821,0.0268776553768821
"NR34",5003089.75351052,0.0500308975351052
"NR35",8448064.76751098,0.0844806476751098
"NR36",7681248.93716839,0.0768124893716839
"NR37",4238926.5816331,0.042389265816331
"NR39",1113439.49631066,0.0111343949631066
"NR44",3907499.97075223,0.0390749997075223
"NR45",2274555.04426473,0.0227455504426473
"NR46",3657202.05661879,0.0365720205661879
"NR47",3839981.20656718,0.0383998120656718
"NR49",723788.025536119,0.00723788025536119
"NR51",50015.3502541733,0.000500153502541733
"NR56",5008075.20396136,0.0500807520396136
"NR57",2494734.38512063,0.0249473438512063
"NR58",240271.955912362,0.00240271955912362
"NR60",987082.153094148,0.00987082153094148
"NR61",28833487.8867563,0.288334878867563
"NR62",8268556.53186786,0.0826855653186786
"NR63",18152350.1194948,0.181523501194948
"NR64",2161714.17887479,0.0216171417887479
"NR65",403513.034730694,0.00403513034730694
"NR67",414979.052818747,0.00414979052818747
"NR68",4166575.0658579,0.041665750658579
"NR69",1211042.26795153,0.0121104226795153
"NR70",272744.024317265,0.00272744024317265
"NR71",24698654.7176783,0.246986547176784
"NR72",23574028.9789943,0.235740289789943
"NR73",55001557.9236032,0.550015579236032
"NR74",60283753.6855516,0.602837536855516
"NR75",23926023.2387737,0.239260232387737
"NR76",46735790.965721,0.46735790965721
"NR77",15766447.7084449,0.157664477084449
"NR78",31348186.0196352,0.313481860196352
"NR79",15425528.3569291,0.154255283569291
"NR82",46482.629434585,0.00046482629434585
"NR83",7382230.38750819,0.0738223038750819
"NR84",17332273.8030589,0.173322738030589
"NR85",34254379.6601448,0.342543796601448
"NR86",48892741.2101931,0.488927412101931
"NR87",26261391.3764441,0.262613913764441
"NR88",52442896.305018,0.52442896305018
"NR89",51451197.8663017,0.514511978663017
"NR92",26771050.5791834,0.267710505791834
"NR93",19540852.7095915,0.195408527095915
"NR94",2662583.15347999,0.0266258315347999
"NR95",1611900.35297416,0.0161190035297416
"NR96",17804515.1765381,0.178045151765381
"NR97",40704384.4784898,0.407043844784898
"NR98",46065901.660753,0.46065901660753
"NR99",50528424.087213,0.50528424087213
"NS02",25014961.6371592,0.250149616371592
"NS03",17389276.1244819,0.17389276124482
"NS04",4661005.38002094,0.0466100538002094
"NS05",2981318.17617033,0.0298131817617033
"NS06",7252329.14810346,0.0725232914810346
"NS07",24118809.2750551,0.241188092750551
"NS08",49731761.0058654,0.497317610058653
"NS09",50258707.2279594,0.502587072279594
"NS10",8356.77005157247,8.35677005157247e-05
"NS14",204597.800659962,0.00204597800659962
"NS15",3563056.96291212,0.0356305696291212
"NS16",6929545.32363724,0.0692954532363724
"NS17",39152569.2861327,0.391525692861327
"NS18",45044690.9936102,0.450446909936102
"NS19",45228467.1622052,0.452284671622052
"NS20",19319778.8450648,0.193197788450648
"NS21",6061683.9302341,0.060616839302341
"NS23",191441.091352577,0.00191441091352577
"NS24",4266493.50686882,0.0426649350686882
"NS25",11850434.6308533,0.118504346308533
"NS26",3678949.79113402,0.0367894979113402
"NS27",10574598.3189971,0.105745983189971
"NS28",17335766.7807359,0.173357667807359
"NS29",28293526.1993911,0.282935261993911
"NS30",29798335.3425392,0.297983353425392
"NS31",9112563.57610968,0.0911256357610968
"NS32",3676570.47806413,0.0367657047806413
"NS33",6521423.41706505,0.0652142341706505
"NS34",9388221.12343948,0.0938822112343948
"NS35",8247501.59894031,0.0824750159894031
"NS36",12307420.3211753,0.123074203211753
"NS37",9975267.57084039,0.0997526757084039
"NS38",23411496.1160128,0.234114961160128
"NS39",20139857.8022835,0.201398578022835
"NS40",27834688.9337941,0.278346889337941
"NS41",23605620.5829512,0.236056205829512
"NS42",7863206.4784349,0.078632064784349
"NS43",4789824.29227021,0.0478982429227021
"NS44",11554337.8936313,0.115543378936313
"NS45",11340085.7261243,0.113400857261243
"NS46",12626184.1062439,0.126261841062439
"NS47",21642903.0056613,0.216429030056613
"NS48",20266037.7842992,0.202660377842992
"NS49",48046082.6756879,0.480460826756879
"NS50",61995490.4622883,0.619954904622883
"NS51",24155798.2626899,0.241557982626899
"NS52",15438776.6285503,0.154387766285503
"NS53",14786766.0870182,0.147867660870182
"NS54",45635154.4583593,0.456351544583593
"NS55",6458329.98760069,0.0645832998760069
"NS56",6470687.36208801,0.0647068736208801
"NS57",18677946.1233639,0.186779461233639
"NS58",16437890.9499213,0.164378909499212
"NS59",34226341.5913345,0.342263415913345
"NS60",36284422.1281802,0.362844221281802
"NS61",11716143.3862198,0.117161433862198
"NS62",13358641.9002554,0.133586419002554
"NS63",27991425.7440063,0.279914257440063
"NS64",21000466.797511,0.21000466797511
"NS65",12071386.4083802,0.120713864083802
"NS66",10511915.6592267,0.105119156592267
"NS67",12162342.5057959,0.121623425057959
"NS68",27952295.4113514,0.279522954113514
"NS69",12643504.6435809,0.126435046435809
"NS70",11067862.5825325,0.110678625825325
"NS71",15820961.9199881,0.158209619199881
"NS72",19424902.9873837,0.194249029873837
"NS73",33544870.343378,0.33544870343378
"NS74",6710530.66714913,0.0671053066714913
"NS75",18512308.3146582,0.185123083146582
"NS76",13971809.7217067,0.139718097217067
"NS77",20684721.4333825,0.206847214333825
"NS78",27827362.5548752,0.278273625548752
"NS79",15851364.6645605,0.158513646645605
"NS80",17839611.9929595,0.178396119929595
"NS81",5945140.3464824,0.059451403464824
"NS82",17346936.9764671,0.173469369764671
"NS83",19473219.1071185,0.194732191071185
"NS84",17571410.6955452,0.175714106955452
"NS85",26427142.2307618,0.264271422307618
"NS86",20350190.1011133,0.203501901011133
"NS87",23404179.4519964,0.234041794519964
"NS88",12438329.6088261,0.124383296088261
"NS89",10454779.4296737,0.104547794296737
"NS90",6180747.96986632,0.0618074796986632
"NS91",19636633.8386493,0.196366338386493
"NS92",13789351.2205561,0.137893512205561
"NS93",14973183.4333134,0.149731834333134
"NS94",10486558.80462,0.1048655880462
"NS95",34482208.2378133,0.344822082378133
"NS96",19943136.6980034,0.199431366980034
"NS97",14215195.9522114,0.142151959522114
"NS98",12023510.980383,0.12023510980383
"NS99",22841720.2326039,0.228417202326039
"NT00",44802850.6208713,0.448028506208713
"NT01",42076189.2956849,0.420761892956849
"NT02",18087524.243792,0.18087524243792
"NT03",12987498.7589576,0.129874987589576
"NT04",13658186.9601421,0.136581869601421
"NT05",16651352.7386028,0.166513527386028
"NT06",18668828.2545118,0.186688282545118
"NT07",11646445.6103403,0.116464456103403
"NT08",7800054.5993223,0.078000545993223
"NT09",20337563.3535774,0.203375633535774
"NT10",49275001.1896804,0.492750011896804
"NT11",10475819.0079202,0.104758190079202
"NT12",15492913.7857487,0.154929137857487
"NT13",15735974.5522096,0.157359745522096
"NT14",16185427.5236075,0.161854275236075
"NT15",9735955.72322428,0.0973595572322428
"NT16",9829961.24548773,0.0982996124548774
"NT17",9477757.18787104,0.0947775718787103
"NT18",8799000.68713464,0.0879900068713464
"NT19",17023627.824546,0.17023627824546
"NT20",73074830.1250413,0.730748301250413
"NT21",40809803.1036754,0.408098031036754
"NT22",15765845.3381084,0.157658453381084
"NT23",16398554.1993229,0.163985541993229
"NT24",35531726.7376705,0.355317267376705
"NT25",16469608.1908386,0.164696081908386
"NT26",12615308.8204533,0.126153088204533
"NT27",4918086.41468661,0.0491808641468661
"NT28",2795883.03775842,0.0279588303775842
"NT29",11962628.821532,0.11962628821532
"NT30",69517991.0085994,0.695179910085994
"NT31",50265432.4501529,0.502654324501529
"NT32",8814450.44653152,0.0881445044653152
"NT33",45480068.9021738,0.454800689021738
"NT34",10103516.8242437,0.101035168242437
"NT35",10717166.8943409,0.107171668943409
"NT36",14372726.0163987,0.143727260163987
"NT37",1800593.79455489,0.0180059379455489
"NT39",4285352.86716962,0.0428535286716962
"NT40",20677410.5330291,0.206774105330291
"NT41",11172987.3636684,0.111729873636684
"NT42",22314922.4071929,0.223149224071929
"NT43",20639267.2464557,0.206392672464557
"NT44",9124979.20411086,0.0912497920411086
"NT45",13836268.7243366,0.138362687243366
"NT46",12558448.2690004,0.125584482690004
"NT47",6379800.95176873,0.0637980095176873
"NT48",1353226.18187585,0.0135322618187585
"NT50",60424745.4111655,0.604247454111655
"NT51",10748480.3512763,0.107484803512763
"NT52",13754230.3219282,0.137542303219282
"NT53",15674923.3705763,0.156749233705763
"NT54",11237036.5061963,0.112370365061963
"NT55",3290298.90784286,0.0329029890784286
"NT56",10899304.2539977,0.108993042539977
"NT57",8262098.04386024,0.0826209804386024
"NT58",3142331.06749268,0.0314233106749268
"NT60",48809136.5988986,0.488091365988986
"NT61",21018445.0634246,0.210184450634246
"NT62",13384239.2041462,0.133842392041463
"NT63",9550150.98029959,0.0955015098029959
"NT64",10779313.4740376,0.107793134740376
"NT65",7765840.87811607,0.0776584087811607
"NT66",13040574.8411304,0.130405748411304
"NT67",12183498.6458905,0.121834986458905
"NT68",2385433.91120736,0.0238543391120736
"NT70",11216535.9780144,0.112165359780144
"NT71",14902414.8202336,0.149024148202336
"NT72",8913998.8478473,0.089139988478473
"NT73",6522154.63516499,0.0652215463516499
"NT74",7550514.40273151,0.0755051440273151
"NT75",14680391.213643,0.14680391213643
"NT76",20957383.4263444,0.209573834263444
"NT77",3692105.75142583,0.0369210575142583
"NT81",4013275.21450757,0.0401327521450757
"NT82",4302567.06477793,0.0430256706477793
"NT83",1456267.21833066,0.0145626721833066
"NT84",5647118.00197919,0.0564711800197919
"NT85",6153156.55832773,0.0615315655832773
"NT86",12442990.2647136,0.124429902647136
"NT87",138678.232300757,0.00138678232300757
"NT94",265049.002177491,0.00265049002177491
"NT95",4231832.54000636,0.0423183254000636
"NT96",4291513.21822599,0.0429151321822599
"NW95",909988.931457942,0.00909988931457942
"NW96",3091417.31071354,0.0309141731071354
"NX03",5212.61134078994,5.21261134078994e-05
"NX04",2072556.53911067,0.0207255653911067
"NX05",4123693.90430215,0.0412369390430215
"NX06",6247721.61649859,0.0624772161649859
"NX07",19732538.6068196,0.197325386068196
"NX08",1072375.58518863,0.0107237558518863
"NX13",252485.940232171,0.00252485940232171
"NX14",1152075.48040214,0.0115207548040214
"NX15",7538029.66105559,0.0753802966105559
"NX16",11511398.7741741,0.115113987741741
"NX17",22826016.7896981,0.228260167896981
"NX18",23198794.448621,0.23198794448621
"NX19",2289395.50553965,0.0228939550553965
"NX24",189235.494178282,0.00189235494178282
"NX25",18132414.433146,0.18132414433146
"NX26",33652161.3304499,0.336521613304499
"NX27",61624950.2803151,0.616249502803151
"NX28",55603945.5367532,0.556039455367532
"NX29",29421518.3789804,0.294215183789804
"NX33",55434.8706942863,0.000554348706942863
"NX34",7393736.4843615,0.073937364843615
"NX35",21763191.1830781,0.217631911830781
"NX36",36619347.1711522,0.366193471711522
"NX37",63235597.1902587,0.632355971902587
"NX38",79392854.7770932,0.793928547770932
"NX39",50648158.4903038,0.506481584903038
"NX43",1804429.78226127,0.0180442978226127
"NX44",9277516.07764348,0.0927751607764348
"NX45",8056788.12428519,0.0805678812428519
"NX46",34321973.0993986,0.343219730993986
"NX47",46966235.1681733,0.469662351681733
"NX48",27043342.9620659,0.270433429620659
"NX49",42670863.8476394,0.426708638476394
"NX54",617276.80595828,0.0061727680595828
"NX55",13466725.9447969,0.134667259447969
"NX56",43520933.979298,0.43520933979298
"NX57",65123666.9266599,0.6512366692666
"NX58",47202097.3553164,0.472020973553164
"NX59",32463610.3071823,0.324636103071824
"NX64",4450752.95805167,0.0445075295805167
"NX65",14824765.4870998,0.148247654870998
"NX66",36752411.3436158,0.367524113436158
"NX67",42426615.1152291,0.424266151152291
"NX68",31239827.8283997,0.312398278283997
"NX69",49383033.6219043,0.493830336219043
"NX74",3034098.63403163,0.0303409863403163
"NX75",21480521.4297192,0.214805214297192
"NX76",9151917.49922323,0.0915191749922323
"NX77",37321332.4230927,0.373213324230927
"NX78",32490470.783332,0.32490470783332
"NX79",27736663.0742796,0.277366630742796
"NX84",1274890.11150537,0.0127489011150537
"NX85",26540808.0721678,0.265408080721678
"NX86",19932917.6983717,0.199329176983717
"NX87",13570258.4582608,0.135702584582608
"NX88",20127929.7296384,0.201279297296384
"NX89",23089570.6596016,0.230895706596016
"NX95",8215517.65570059,0.0821551765570059
"NX96",41502114.3745607,0.415021143745607
"NX97",14264963.7198866,0.142649637198866
"NX98",22234436.5726829,0.222344365726829
"NX99",47244210.8485689,0.472442108485689
"NY06",6498054.52390328,0.0649805452390328
"NY07",20505566.320528,0.20505566320528
"NY08",10657543.0379272,0.106575430379272
"NY09",48979245.9906186,0.489792459906186
"NY16",6418828.87312748,0.0641882887312748
"NY17",14941604.4101558,0.149416044101558
"NY18",15648639.8623794,0.156486398623794
"NY19",33099595.9712175,0.330995959712175
"NY26",2490546.59916758,0.0249054659916758
"NY27",13913846.6952833,0.139138466952833
"NY28",34722487.6269008,0.347224876269008
"NY29",60008537.4222315,0.600085374222315
"NY36",292975.569058292,0.00292975569058292
"NY37",9233204.57439765,0.0923320457439765
"NY38",20726359.5321403,0.207263595321403
"NY39",27879942.5530447,0.278799425530447
"NY47",4523750.73962017,0.0452375073962017
"NY48",23153433.3514646,0.231534333514646
"NY49",8126527.92480635,0.0812652792480635
"NY58",22886950.6971004,0.228869506971004
"NY59",39510498.8691501,0.395104988691501
"NY69",3353780.40285741,0.0335378040285741
